ISO,continents,fao_regions,Year,FRA_forest_area_km2,WDI_land_surface_km2,Bonannella_land_surface_km2_6classes,Bonannella_land_surface_km2_20classes
FJI,Oceania,Oceania,2015,12931.5,18270,14776.06086,14776.06086
TZA,Africa,Eastern and Southern Africa,2015,486430.5,885800,863558.6551,863558.6551
ESH,Africa,Northern Africa,2015,6647,,96765.573,96765.573
CAN,North and Central America,North America,2015,3471157.1,8965590,8482600.741,8482600.741
USA,North and Central America,North America,2015,3232390,9147420,8992971.024,8992971.024
KAZ,Asia,Western and Central Asia,2015,33084.6,2699700,2666756.317,2666756.317
UZB,Asia,Western and Central Asia,2015,51480.4,440600,452289.1699,452289.1699
PNG,Oceania,Oceania,2015,360847.7,452860,436479.4449,436479.4449
IDN,Asia,South and Southeast Asia,2015,996963,1877519,1699987.839,1699987.839
ARG,South America,South America,2015,303820,2736690,2724248.971,2724248.971
CHL,South America,South America,2015,206418.5,743532,684466.5055,684466.5055
COD,Africa,Western and Central Africa,2015,1317198,2267050,2283377.507,2283377.507
SOM,Africa,Eastern and Southern Africa,2015,63667.5,627340,471498.3299,471498.3299
KEN,Africa,Eastern and Southern Africa,2015,36752,569140,577378.3351,577378.3351
SDN,Africa,Northern Africa,2015,193399.3,1868000,1845722.901,1845722.901
TCD,Africa,Western and Central Africa,2015,48903,1259200,1267078.819,1267078.819
HTI,North and Central America,Central America,2015,3948.5,27560,25472.23799,25472.23799
DOM,North and Central America,Central America,2015,21566.8,48310,45661.34254,45661.34254
RUS,Russian Federation,Russian Federation,2015,8149304.6,16376870,16247125.44,16247125.44
BHS,North and Central America,Central America,2015,5098.6,10010,5949.88897,5949.88897
FLK,South America,South America,2015,0,,10196.54937,10196.54937
NOR,Europe,Europe,2015,122490,365190.7,301546.5946,301546.5946
GRL,North and Central America,North America,2015,4.4,410450,328211.5491,328211.5491
ATF,Europe,Europe,,,,0,0
TLS,Asia,South and Southeast Asia,2015,9281,14870,13334.40831,13334.40831
ZAF,Africa,Eastern and Southern Africa,2015,185020.9,1213090,1205484.161,1205484.161
LSO,Africa,Eastern and Southern Africa,2015,398.4,30360,27441.95811,27441.95811
MEX,North and Central America,Central America,2015,664063.8,1943950,1919671.32,1919671.32
URY,South America,South America,2015,29910,175020,173154.1983,173154.1983
BRA,South America,South America,2015,5138226,8358140,8343634.003,8343634.003
BOL,South America,South America,2015,520641.6,1083300,1071489.824,1071489.824
PER,South America,South America,2015,742517,1280000,1274447.187,1274447.187
COL,South America,South America,2015,605586.6,1109500,1131262.228,1131262.228
PAN,North and Central America,Central America,2015,43322.9,74120,70584.79754,70584.79754
CRI,North and Central America,Central America,2015,30296.3,51060,50789.28591,50789.28591
NIC,North and Central America,Central America,2015,39486.4,120340,117387.2435,117387.2435
HND,North and Central America,Central America,2015,64638.3,111890,110875.2294,110875.2294
SLV,North and Central America,Central America,2015,6227.1,20720,20038.12778,20038.12778
GTM,North and Central America,Central America,2015,36816.1,107160,108028.4397,108028.4397
BLZ,North and Central America,Central America,2015,13351.6,22810,21130.07601,21130.07601
VEN,South America,South America,2015,479177.7,882050,886788.3614,886788.3614
GUY,South America,South America,2015,184613.6,196850,208634.0891,208634.0891
SUR,South America,South America,2015,152646.7,156000,141919.2123,141919.2123
FRA,Europe,Europe,2015,168360,547557,623873.912,623873.912
ECU,South America,South America,2015,129460.6,248360,245389.5581,245389.5581
PRI,North and Central America,Central America,2015,4938.8,8870,8375.348252,8375.348252
JAM,North and Central America,Central America,2015,5858,10830,10691.2616,10691.2616
CUB,North and Central America,Central America,2015,37120,104100,102412.104,102412.104
ZWE,Africa,Eastern and Southern Africa,2015,177829.3,386850,371593.8447,371593.8447
BWA,Africa,Eastern and Southern Africa,2015,158462,566730,591573.6621,591573.6621
NAM,Africa,Western and Central Africa,2015,69939.5,823290,813888.7039,813888.7039
SEN,Africa,Western and Central Africa,2015,83001.6,192530,187062.6694,187062.6694
MLI,Africa,Western and Central Africa,2015,132960,1220190,1230807.529,1230807.529
MRT,Africa,Northern Africa,2015,3400.4,1030700,1047710.282,1047710.282
BEN,Africa,Western and Central Africa,2015,34071.5,112760,115195.9738,115195.9738
NER,Africa,Western and Central Africa,2015,12518,1266700,1180209.246,1180209.246
NGA,Africa,Western and Central Africa,2015,226678.8,910770,887663.6755,887663.6755
CMR,Africa,Western and Central Africa,2015,206715.8,472710,451437.7312,451437.7312
TGO,Africa,Western and Central Africa,2015,12672.8,54390,59259.43352,59259.43352
GHA,Africa,Western and Central Africa,2015,81408.9,227540,232439.2627,232439.2627
CIV,Africa,Western and Central Africa,2015,34151,318000,323662.9351,323662.9351
GIN,Africa,Western and Central Africa,2015,64100,245720,234627.0214,234627.0214
GNB,Africa,Western and Central Africa,2015,20227.6,28120,30588.94588,30588.94588
LBR,Africa,Western and Central Africa,2015,77914.6,96320,91474.71516,91474.71516
SLE,Africa,Western and Central Africa,2015,26514.8,72180,71812.97597,71812.97597
BFA,Africa,Western and Central Africa,2015,64740,273600,270645.1619,270645.1619
CAF,Africa,Western and Central Africa,2015,224550,622980,620724.8176,620724.8176
COG,Africa,Western and Central Africa,2015,220745,341500,336312.3303,336312.3303
GAB,Africa,Western and Central Africa,2015,236200,257670,258664.9801,258664.9801
GNQ,Africa,Western and Central Africa,2015,26152.2,28050,24484.92017,24484.92017
ZMB,Africa,Eastern and Southern Africa,2015,458043.8,743390,737427.7502,737427.7502
MWI,Africa,Eastern and Southern Africa,2015,25379,94280,97110.01069,97110.01069
MOZ,Africa,Eastern and Southern Africa,2015,380059.9,786380,790663.2108,790663.2108
SWZ,Africa,Eastern and Southern Africa,2015,6037.3,17200,18050.85223,18050.85223
AGO,Africa,Western and Central Africa,2015,702235.2,1246700,1227321.721,1227321.721
BDI,Africa,Eastern and Southern Africa,2015,3926.1,25680,24279.17044,24279.17044
ISR,Asia,Western and Central Asia,2015,1650,21640,22297.16151,22297.16151
LBN,Asia,Western and Central Asia,2015,1403.3,10230,9684.281692,9684.281692
MDG,Africa,Eastern and Southern Africa,2015,128078.9,581800,578285.249,578285.249
PSE,Asia,Western and Central Asia,2015,0,6020,4944.664603,4944.664603
GMB,Africa,Western and Central Africa,2015,2731.2,10120,12728.3946,12728.3946
TUN,Africa,Northern Africa,2015,7637.1,155360,151939.8562,151939.8562
DZA,Africa,Northern Africa,2015,19560,2381741,2308606.427,2308606.427
JOR,Asia,Western and Central Asia,2015,1444,88780,88338.96287,88338.96287
ARE,Asia,Western and Central Asia,2015,0,71020,77312.74351,77312.74351
QAT,Asia,Western and Central Asia,2015,0,11490,10527.29381,10527.29381
KWT,Asia,Western and Central Asia,2015,125,17820,15742.31216,15742.31216
IRQ,Asia,Western and Central Asia,2015,8953.5,434128,432456.4408,432456.4408
OMN,Asia,Western and Central Asia,2015,30,309500,305201.6368,305201.6368
VUT,Oceania,Oceania,2015,0,12190,5471.327736,5471.327736
KHM,Asia,South and Southeast Asia,2015,93910.9,176520,175710.9722,175710.9722
THA,Asia,South and Southeast Asia,2015,237630,510890,494595.3172,494595.3172
LAO,Asia,South and Southeast Asia,2015,169080,230800,226892.7977,226892.7977
MMR,Asia,South and Southeast Asia,2015,303984.6,653080,656514.3864,656514.3864
VNM,Asia,South and Southeast Asia,2015,179481.9,313383,320598.4579,320598.4579
PRK,Asia,East Asia,2015,71399.8,120410,121871.9557,121871.9557
KOR,Asia,East Asia,2015,86183.2,97445,91675.54937,91675.54937
MNG,Asia,South and Southeast Asia,2015,141859.8,1557255.4,1529465.552,1529465.552
IND,Asia,South and Southeast Asia,2015,806820,2973190,3063181.275,3063181.275
BGD,Asia,South and Southeast Asia,2015,20414.7,130170,122068.9277,122068.9277
BTN,Asia,South and Southeast Asia,2015,27354.5,38117,38003.66058,38003.66058
NPL,Asia,East Asia,2015,61826.3,143350,145005.4582,145005.4582
PAK,Asia,South and Southeast Asia,2015,41865,770880,848631.6174,848631.6174
AFG,Asia,Western and Central Asia,2015,12084.4,652230,647410.1364,647410.1364
TJK,Asia,Western and Central Asia,2015,5020.3,138790,126090.8785,126090.8785
KGZ,Asia,Western and Central Asia,2015,12518.1,191800,183201.8775,183201.8775
TKM,Asia,Western and Central Asia,2015,41270,469930,469303.9002,469303.9002
IRN,Asia,Western and Central Asia,2015,116329.8,1628760,1601283.794,1601283.794
SYR,Asia,Western and Central Asia,2015,7184.8,183630,183945.5259,183945.5259
ARM,Asia,Western and Central Asia,2015,3295.2,28470,27328.19887,27328.19887
SWE,Europe,Europe,2015,283620,407310.64,406581.1299,406581.1299
BLR,Europe,Europe,2015,86395.4,202978,206712.1198,206712.1198
UKR,Europe,Europe,2015,100250,579290,581968.731,581968.731
POL,Europe,Europe,2015,94240,306190,303104.8153,303104.8153
AUT,Europe,Europe,2015,38810,82520,84054.03162,84054.03162
HUN,Europe,Europe,2015,22017.8,91260,91131.3308,91131.3308
MDA,Europe,Europe,2015,3864,32880,32019.71406,32019.71406
ROU,Europe,Europe,2015,69009.6,230080,235825.7067,235825.7067
LTU,Europe,Europe,2015,21870,62650,62565.47357,62565.47357
LVA,Europe,Europe,2015,34039.1,62227,61870.27823,61870.27823
EST,Europe,Europe,2015,24277.4,43470,40912.94773,40912.94773
DEU,Europe,Europe,2015,114190,348860,348741.5802,348741.5802
BGR,Europe,Europe,2015,38330,108560,108695.5463,108695.5463
GRC,Europe,Europe,2015,40407,128900,111586.9269,111586.9269
TUR,Asia,Western and Central Asia,2015,223284.1,769630,762618.399,762618.399
ALB,Europe,Europe,2015,0,27400,27777.96919,27777.96919
HRV,Europe,Europe,2015,19968.4,55964,54949.92466,54949.92466
CHE,Europe,Europe,2015,12525.2,39516.03,43527.30352,43527.30352
LUX,Europe,Europe,2015,887,2574.46,2412.11715,2412.11715
BEL,Europe,Europe,2015,11276,30280,29859.34189,29859.34189
NLD,Europe,Europe,2015,3678.3,33670,33105.69344,33105.69344
PRT,Europe,Europe,2015,40070,91605.6,85816.24646,85816.24646
ESP,Europe,Europe,2015,195678.6,499661,487055.6078,487055.6078
IRL,Europe,Europe,2015,14124.7,68890,55175.33648,55175.33648
NCL,Oceania,Oceania,2015,8494.1,18280,15657.34384,15657.34384
SLB,Oceania,Oceania,2015,25511.7,27990,17365.83904,17365.83904
NZL,Oceania,Oceania,2015,118717.1,263310,253864.6212,253864.6212
AUS,Oceania,Oceania,2015,1350679,7682300,7618646.387,7618646.387
LKA,Asia,South and Southeast Asia,2015,23771.4,61893,60652.98417,60652.98417
CHN,Asia,East Asia,2015,2532560.8,9424701.4,9199220.031,9199220.031
TWN,Asia,East Asia,,,,33126.75997,33126.75997
ITA,Europe,Europe,2015,94235.2,295718,292657.2232,292657.2232
DNK,Europe,Europe,2015,8974.8,40000,35062.77364,35062.77364
GBR,Europe,Europe,2015,31550,241930,224182.9403,224182.9403
ISL,Europe,Europe,2015,481.6,100250,82572.70378,82572.70378
AZE,Asia,Western and Central Asia,2015,10994.5,82663,87418.35571,87418.35571
GEO,Europe,Europe,2015,28943.7,69490,67308.95285,67308.95285
PHL,Asia,South and Southeast Asia,2015,73797,298170,249778.4175,249778.4175
MYS,Asia,South and Southeast Asia,2015,211722.2,328550,322578.7113,322578.7113
BRN,Asia,South and Southeast Asia,2015,3800,5270,7955.773289,7955.773289
SVN,Europe,Europe,2015,12480,20142.6,19078.54755,19078.54755
FIN,Europe,Europe,2015,224426.1,303910,303807.3839,303807.3839
SVK,Europe,Europe,2015,19304.3,48082,46830.53469,46830.53469
CZE,Europe,Europe,2015,26684,77210,80627.56127,80627.56127
ERI,Africa,Eastern and Southern Africa,2015,10856.6,121088.775,117430.781,117430.781
JPN,Asia,East Asia,2015,249440,364500,345725.2049,345725.2049
PRY,South America,South America,2015,175974.7,397300,397100.1402,397100.1402
YEM,Asia,Western and Central Asia,2015,5490,527970,448843.0375,448843.0375
SAU,Asia,Western and Central Asia,2015,9770,2149690,1913785.684,1913785.684
CYN,Europe,Europe,,,,3291.995691,3291.995691
CYP,Asia,Western and Central Asia,2015,1727.1,9240,5506.78972,5506.78972
MAR,Africa,Northern Africa,2015,62611.9,446300,577323.5621,577323.5621
EGY,Africa,Northern Africa,2015,484.2,995450,980297.4007,980297.4007
LBY,Africa,Northern Africa,2015,4340,1759540,1630353.493,1630353.493
ETH,Africa,Eastern and Southern Africa,2015,182111,1128539.353,1124948.239,1124948.239
DJI,Africa,Eastern and Southern Africa,2015,56,23180,21125.16049,21125.16049
UGA,Africa,Eastern and Southern Africa,2015,29601.3,200520,207576.1984,207576.1984
RWA,Africa,Eastern and Southern Africa,2015,4140,24670,22729.37639,22729.37639
BIH,Europe,Europe,2015,21605,51200,50366.55097,50366.55097
MKD,Europe,Europe,2015,0,25220,24606.05269,24606.05269
SRB,Europe,Europe,2015,27437.1,87460,75701.50543,75701.50543
MNE,Europe,Europe,2015,8350,13450,13058.08572,13058.08572
XKX,Europe,Europe,,,,11210.90256,11210.90256
TTO,North and Central America,Central America,2015,2902.9,5130,4783.856793,4783.856793
SSD,Africa,Eastern and Southern Africa,2015,73449,631930,623018.26,623018.26
